name,email,password,role,department
Faculty 1,faculty1@citchennai.net,password123,FACULTY,BME
Faculty 2,faculty2@citchennai.net,password123,FACULTY,BME
Faculty 3,faculty3@citchennai.net,password123,FACULTY,EEE
Faculty 4,faculty4@citchennai.net,password123,FACULTY,MECH
Faculty 5,faculty5@citchennai.net,password123,FACULTY,MECH
Faculty 6,faculty6@citchennai.net,password123,FACULTY,EEE
Faculty 7,faculty7@citchennai.net,password123,FACULTY,IT
Faculty 8,faculty8@citchennai.net,password123,FACULTY,AI-DS
Faculty 9,faculty9@citchennai.net,password123,FACULTY,CIVIL
Faculty 10,faculty10@citchennai.net,password123,FACULTY,BME
Faculty 11,faculty11@citchennai.net,password123,FACULTY,AI-DS
Faculty 12,faculty12@citchennai.net,password123,FACULTY,EEE
Faculty 13,faculty13@citchennai.net,password123,FACULTY,AI-DS
Faculty 14,faculty14@citchennai.net,password123,FACULTY,BME
Faculty 15,faculty15@citchennai.net,password123,FACULTY,BME
Faculty 16,faculty16@citchennai.net,password123,FACULTY,MECH
Faculty 17,faculty17@citchennai.net,password123,FACULTY,CSE
Faculty 18,faculty18@citchennai.net,password123,FACULTY,EEE
Faculty 19,faculty19@citchennai.net,password123,FACULTY,BME
Faculty 20,faculty20@citchennai.net,password123,FACULTY,AI-DS
Faculty 21,faculty21@citchennai.net,password123,FACULTY,BME
Faculty 22,faculty22@citchennai.net,password123,FACULTY,CSE
Faculty 23,faculty23@citchennai.net,password123,FACULTY,IT
Faculty 24,faculty24@citchennai.net,password123,FACULTY,CIVIL
Faculty 25,faculty25@citchennai.net,password123,FACULTY,EEE
Faculty 26,faculty26@citchennai.net,password123,FACULTY,CIVIL
Faculty 27,faculty27@citchennai.net,password123,FACULTY,ECE
Faculty 28,faculty28@citchennai.net,password123,FACULTY,CSE
Faculty 29,faculty29@citchennai.net,password123,FACULTY,CIVIL
Faculty 30,faculty30@citchennai.net,password123,FACULTY,AI-DS
Faculty 31,faculty31@citchennai.net,password123,FACULTY,EEE
Faculty 32,faculty32@citchennai.net,password123,FACULTY,BME
Faculty 33,faculty33@citchennai.net,password123,FACULTY,EEE
Faculty 34,faculty34@citchennai.net,password123,FACULTY,AI-DS
Faculty 35,faculty35@citchennai.net,password123,FACULTY,IT
Faculty 36,faculty36@citchennai.net,password123,FACULTY,CSE
Faculty 37,faculty37@citchennai.net,password123,FACULTY,ECE
Faculty 38,faculty38@citchennai.net,password123,FACULTY,IT
Faculty 39,faculty39@citchennai.net,password123,FACULTY,ECE
Faculty 40,faculty40@citchennai.net,password123,FACULTY,AI-DS
Faculty 41,faculty41@citchennai.net,password123,FACULTY,AI-DS
Faculty 42,faculty42@citchennai.net,password123,FACULTY,MECH
Faculty 43,faculty43@citchennai.net,password123,FACULTY,MECH
Faculty 44,faculty44@citchennai.net,password123,FACULTY,MECH
Faculty 45,faculty45@citchennai.net,password123,FACULTY,EEE
Faculty 46,faculty46@citchennai.net,password123,FACULTY,CIVIL
Faculty 47,faculty47@citchennai.net,password123,FACULTY,ECE
Faculty 48,faculty48@citchennai.net,password123,FACULTY,EEE
Faculty 49,faculty49@citchennai.net,password123,FACULTY,EEE
Faculty 50,faculty50@citchennai.net,password123,FACULTY,EEE
Faculty 51,faculty51@citchennai.net,password123,FACULTY,AI-DS
Faculty 52,faculty52@citchennai.net,password123,FACULTY,EEE
Faculty 53,faculty53@citchennai.net,password123,FACULTY,CIVIL
Faculty 54,faculty54@citchennai.net,password123,FACULTY,IT
Faculty 55,faculty55@citchennai.net,password123,FACULTY,CSE
Faculty 56,faculty56@citchennai.net,password123,FACULTY,CSE
Faculty 57,faculty57@citchennai.net,password123,FACULTY,MECH
Faculty 58,faculty58@citchennai.net,password123,FACULTY,EEE
Faculty 59,faculty59@citchennai.net,password123,FACULTY,AI-DS
Faculty 60,faculty60@citchennai.net,password123,FACULTY,CIVIL
Faculty 61,faculty61@citchennai.net,password123,FACULTY,ECE
Faculty 62,faculty62@citchennai.net,password123,FACULTY,BME
Faculty 63,faculty63@citchennai.net,password123,FACULTY,BME
Faculty 64,faculty64@citchennai.net,password123,FACULTY,IT
Faculty 65,faculty65@citchennai.net,password123,FACULTY,ECE
Faculty 66,faculty66@citchennai.net,password123,FACULTY,MECH
Faculty 67,faculty67@citchennai.net,password123,FACULTY,MECH
Faculty 68,faculty68@citchennai.net,password123,FACULTY,AI-DS
Faculty 69,faculty69@citchennai.net,password123,FACULTY,EEE
Faculty 70,faculty70@citchennai.net,password123,FACULTY,BME
Faculty 71,faculty71@citchennai.net,password123,FACULTY,AI-DS
Faculty 72,faculty72@citchennai.net,password123,FACULTY,BME
Faculty 73,faculty73@citchennai.net,password123,FACULTY,ECE
Faculty 74,faculty74@citchennai.net,password123,FACULTY,AI-DS
Faculty 75,faculty75@citchennai.net,password123,FACULTY,AI-DS
Faculty 76,faculty76@citchennai.net,password123,FACULTY,MECH
Faculty 77,faculty77@citchennai.net,password123,FACULTY,ECE
Faculty 78,faculty78@citchennai.net,password123,FACULTY,IT
Faculty 79,faculty79@citchennai.net,password123,FACULTY,AI-DS
Faculty 80,faculty80@citchennai.net,password123,FACULTY,CSE
Faculty 81,faculty81@citchennai.net,password123,FACULTY,AI-DS
Faculty 82,faculty82@citchennai.net,password123,FACULTY,BME
Faculty 83,faculty83@citchennai.net,password123,FACULTY,CSE
Faculty 84,faculty84@citchennai.net,password123,FACULTY,CIVIL
Faculty 85,faculty85@citchennai.net,password123,FACULTY,AI-DS
Faculty 86,faculty86@citchennai.net,password123,FACULTY,CSE
Faculty 87,faculty87@citchennai.net,password123,FACULTY,IT
Faculty 88,faculty88@citchennai.net,password123,FACULTY,EEE
Faculty 89,faculty89@citchennai.net,password123,FACULTY,BME
Faculty 90,faculty90@citchennai.net,password123,FACULTY,EEE
Faculty 91,faculty91@citchennai.net,password123,FACULTY,CIVIL
Faculty 92,faculty92@citchennai.net,password123,FACULTY,EEE
Faculty 93,faculty93@citchennai.net,password123,FACULTY,AI-DS
Faculty 94,faculty94@citchennai.net,password123,FACULTY,AI-DS
Faculty 95,faculty95@citchennai.net,password123,FACULTY,ECE
Faculty 96,faculty96@citchennai.net,password123,FACULTY,ECE
Faculty 97,faculty97@citchennai.net,password123,FACULTY,CSE
Faculty 98,faculty98@citchennai.net,password123,FACULTY,IT
Faculty 99,faculty99@citchennai.net,password123,FACULTY,CSE
Faculty 100,faculty100@citchennai.net,password123,FACULTY,BME
Faculty 101,faculty101@citchennai.net,password123,FACULTY,IT
Faculty 102,faculty102@citchennai.net,password123,FACULTY,MECH
Faculty 103,faculty103@citchennai.net,password123,FACULTY,MECH
Faculty 104,faculty104@citchennai.net,password123,FACULTY,CSE
Faculty 105,faculty105@citchennai.net,password123,FACULTY,MECH
Faculty 106,faculty106@citchennai.net,password123,FACULTY,MECH
Faculty 107,faculty107@citchennai.net,password123,FACULTY,CSE
Faculty 108,faculty108@citchennai.net,password123,FACULTY,CIVIL
Faculty 109,faculty109@citchennai.net,password123,FACULTY,AI-DS
Faculty 110,faculty110@citchennai.net,password123,FACULTY,EEE
Faculty 111,faculty111@citchennai.net,password123,FACULTY,EEE
Faculty 112,faculty112@citchennai.net,password123,FACULTY,CSE
Faculty 113,faculty113@citchennai.net,password123,FACULTY,IT
Faculty 114,faculty114@citchennai.net,password123,FACULTY,CSE
Faculty 115,faculty115@citchennai.net,password123,FACULTY,MECH
Faculty 116,faculty116@citchennai.net,password123,FACULTY,MECH
Faculty 117,faculty117@citchennai.net,password123,FACULTY,CIVIL
Faculty 118,faculty118@citchennai.net,password123,FACULTY,CIVIL
Faculty 119,faculty119@citchennai.net,password123,FACULTY,CIVIL
Faculty 120,faculty120@citchennai.net,password123,FACULTY,MECH
Faculty 121,faculty121@citchennai.net,password123,FACULTY,EEE
Faculty 122,faculty122@citchennai.net,password123,FACULTY,MECH
Faculty 123,faculty123@citchennai.net,password123,FACULTY,BME
Faculty 124,faculty124@citchennai.net,password123,FACULTY,AI-DS
Faculty 125,faculty125@citchennai.net,password123,FACULTY,MECH
Faculty 126,faculty126@citchennai.net,password123,FACULTY,IT
Faculty 127,faculty127@citchennai.net,password123,FACULTY,BME
Faculty 128,faculty128@citchennai.net,password123,FACULTY,EEE
Faculty 129,faculty129@citchennai.net,password123,FACULTY,IT
Faculty 130,faculty130@citchennai.net,password123,FACULTY,CSE
Faculty 131,faculty131@citchennai.net,password123,FACULTY,CSE
Faculty 132,faculty132@citchennai.net,password123,FACULTY,EEE
Faculty 133,faculty133@citchennai.net,password123,FACULTY,MECH
Faculty 134,faculty134@citchennai.net,password123,FACULTY,MECH
Faculty 135,faculty135@citchennai.net,password123,FACULTY,ECE
Faculty 136,faculty136@citchennai.net,password123,FACULTY,AI-DS
Faculty 137,faculty137@citchennai.net,password123,FACULTY,BME
Faculty 138,faculty138@citchennai.net,password123,FACULTY,ECE
Faculty 139,faculty139@citchennai.net,password123,FACULTY,MECH
Faculty 140,faculty140@citchennai.net,password123,FACULTY,BME
Faculty 141,faculty141@citchennai.net,password123,FACULTY,AI-DS
Faculty 142,faculty142@citchennai.net,password123,FACULTY,CIVIL
Faculty 143,faculty143@citchennai.net,password123,FACULTY,AI-DS
Faculty 144,faculty144@citchennai.net,password123,FACULTY,MECH
Faculty 145,faculty145@citchennai.net,password123,FACULTY,CSE
Faculty 146,faculty146@citchennai.net,password123,FACULTY,BME
Faculty 147,faculty147@citchennai.net,password123,FACULTY,ECE
Faculty 148,faculty148@citchennai.net,password123,FACULTY,CIVIL
Faculty 149,faculty149@citchennai.net,password123,FACULTY,ECE
Faculty 150,faculty150@citchennai.net,password123,FACULTY,AI-DS
Faculty 151,faculty151@citchennai.net,password123,FACULTY,EEE
Faculty 152,faculty152@citchennai.net,password123,FACULTY,ECE
Faculty 153,faculty153@citchennai.net,password123,FACULTY,CSE
Faculty 154,faculty154@citchennai.net,password123,FACULTY,BME
Faculty 155,faculty155@citchennai.net,password123,FACULTY,BME
Faculty 156,faculty156@citchennai.net,password123,FACULTY,CIVIL
Faculty 157,faculty157@citchennai.net,password123,FACULTY,MECH
Faculty 158,faculty158@citchennai.net,password123,FACULTY,MECH
Faculty 159,faculty159@citchennai.net,password123,FACULTY,ECE
Faculty 160,faculty160@citchennai.net,password123,FACULTY,AI-DS
Faculty 161,faculty161@citchennai.net,password123,FACULTY,ECE
Faculty 162,faculty162@citchennai.net,password123,FACULTY,AI-DS
Faculty 163,faculty163@citchennai.net,password123,FACULTY,CIVIL
Faculty 164,faculty164@citchennai.net,password123,FACULTY,MECH
Faculty 165,faculty165@citchennai.net,password123,FACULTY,CSE
Faculty 166,faculty166@citchennai.net,password123,FACULTY,MECH
Faculty 167,faculty167@citchennai.net,password123,FACULTY,EEE
Faculty 168,faculty168@citchennai.net,password123,FACULTY,CSE
Faculty 169,faculty169@citchennai.net,password123,FACULTY,EEE
Faculty 170,faculty170@citchennai.net,password123,FACULTY,CIVIL
Faculty 171,faculty171@citchennai.net,password123,FACULTY,AI-DS
Faculty 172,faculty172@citchennai.net,password123,FACULTY,ECE
Faculty 173,faculty173@citchennai.net,password123,FACULTY,EEE
Faculty 174,faculty174@citchennai.net,password123,FACULTY,BME
Faculty 175,faculty175@citchennai.net,password123,FACULTY,MECH
Faculty 176,faculty176@citchennai.net,password123,FACULTY,AI-DS
Faculty 177,faculty177@citchennai.net,password123,FACULTY,MECH
Faculty 178,faculty178@citchennai.net,password123,FACULTY,BME
Faculty 179,faculty179@citchennai.net,password123,FACULTY,AI-DS
Faculty 180,faculty180@citchennai.net,password123,FACULTY,IT
Faculty 181,faculty181@citchennai.net,password123,FACULTY,BME
Faculty 182,faculty182@citchennai.net,password123,FACULTY,ECE
Faculty 183,faculty183@citchennai.net,password123,FACULTY,IT
Faculty 184,faculty184@citchennai.net,password123,FACULTY,MECH
Faculty 185,faculty185@citchennai.net,password123,FACULTY,EEE
Faculty 186,faculty186@citchennai.net,password123,FACULTY,IT
Faculty 187,faculty187@citchennai.net,password123,FACULTY,CIVIL
Faculty 188,faculty188@citchennai.net,password123,FACULTY,AI-DS
Faculty 189,faculty189@citchennai.net,password123,FACULTY,MECH
Faculty 190,faculty190@citchennai.net,password123,FACULTY,EEE
Faculty 191,faculty191@citchennai.net,password123,FACULTY,CSE
Faculty 192,faculty192@citchennai.net,password123,FACULTY,CSE
Faculty 193,faculty193@citchennai.net,password123,FACULTY,CSE
Faculty 194,faculty194@citchennai.net,password123,FACULTY,AI-DS
Faculty 195,faculty195@citchennai.net,password123,FACULTY,CSE
Faculty 196,faculty196@citchennai.net,password123,FACULTY,EEE
Faculty 197,faculty197@citchennai.net,password123,FACULTY,EEE
Faculty 198,faculty198@citchennai.net,password123,FACULTY,BME
Faculty 199,faculty199@citchennai.net,password123,FACULTY,MECH
Faculty 200,faculty200@citchennai.net,password123,FACULTY,MECH
