name,email,password,role,roll_no,department
Student 1,student1@citchennai.net,password123,STUDENT,23EEE001,EEE
Student 2,student2@citchennai.net,password123,STUDENT,21CIVIL002,CIVIL
Student 3,student3@citchennai.net,password123,STUDENT,24EEE003,EEE
Student 4,student4@citchennai.net,password123,STUDENT,24CSE004,CSE
Student 5,student5@citchennai.net,password123,STUDENT,21EEE005,EEE
Student 6,student6@citchennai.net,password123,STUDENT,24BME006,BME
Student 7,student7@citchennai.net,password123,STUDENT,21EEE007,EEE
Student 8,student8@citchennai.net,password123,STUDENT,22EEE008,EEE
Student 9,student9@citchennai.net,password123,STUDENT,21IT009,IT
Student 10,student10@citchennai.net,password123,STUDENT,23ECE010,ECE
Student 11,student11@citchennai.net,password123,STUDENT,22EEE011,EEE
Student 12,student12@citchennai.net,password123,STUDENT,24CSE012,CSE
Student 13,student13@citchennai.net,password123,STUDENT,21EEE013,EEE
Student 14,student14@citchennai.net,password123,STUDENT,22CSE014,CSE
Student 15,student15@citchennai.net,password123,STUDENT,22MECH015,MECH
Student 16,student16@citchennai.net,password123,STUDENT,24CSE016,CSE
Student 17,student17@citchennai.net,password123,STUDENT,21AI-DS017,AI-DS
Student 18,student18@citchennai.net,password123,STUDENT,22AI-DS018,AI-DS
Student 19,student19@citchennai.net,password123,STUDENT,22EEE019,EEE
Student 20,student20@citchennai.net,password123,STUDENT,22IT020,IT
Student 21,student21@citchennai.net,password123,STUDENT,24ECE021,ECE
Student 22,student22@citchennai.net,password123,STUDENT,23MECH022,MECH
Student 23,student23@citchennai.net,password123,STUDENT,22IT023,IT
Student 24,student24@citchennai.net,password123,STUDENT,22IT024,IT
Student 25,student25@citchennai.net,password123,STUDENT,21CSE025,CSE
Student 26,student26@citchennai.net,password123,STUDENT,23CSE026,CSE
Student 27,student27@citchennai.net,password123,STUDENT,21CIVIL027,CIVIL
Student 28,student28@citchennai.net,password123,STUDENT,23CIVIL028,CIVIL
Student 29,student29@citchennai.net,password123,STUDENT,22EEE029,EEE
Student 30,student30@citchennai.net,password123,STUDENT,24CIVIL030,CIVIL
Student 31,student31@citchennai.net,password123,STUDENT,23EEE031,EEE
Student 32,student32@citchennai.net,password123,STUDENT,22AI-DS032,AI-DS
Student 33,student33@citchennai.net,password123,STUDENT,24AI-DS033,AI-DS
Student 34,student34@citchennai.net,password123,STUDENT,23AI-DS034,AI-DS
Student 35,student35@citchennai.net,password123,STUDENT,24CIVIL035,CIVIL
Student 36,student36@citchennai.net,password123,STUDENT,21BME036,BME
Student 37,student37@citchennai.net,password123,STUDENT,23MECH037,MECH
Student 38,student38@citchennai.net,password123,STUDENT,22MECH038,MECH
Student 39,student39@citchennai.net,password123,STUDENT,21BME039,BME
Student 40,student40@citchennai.net,password123,STUDENT,21BME040,BME
Student 41,student41@citchennai.net,password123,STUDENT,23CIVIL041,CIVIL
Student 42,student42@citchennai.net,password123,STUDENT,22ECE042,ECE
Student 43,student43@citchennai.net,password123,STUDENT,23CIVIL043,CIVIL
Student 44,student44@citchennai.net,password123,STUDENT,23IT044,IT
Student 45,student45@citchennai.net,password123,STUDENT,24CSE045,CSE
Student 46,student46@citchennai.net,password123,STUDENT,24CSE046,CSE
Student 47,student47@citchennai.net,password123,STUDENT,24MECH047,MECH
Student 48,student48@citchennai.net,password123,STUDENT,23BME048,BME
Student 49,student49@citchennai.net,password123,STUDENT,23ECE049,ECE
Student 50,student50@citchennai.net,password123,STUDENT,24MECH050,MECH
Student 51,student51@citchennai.net,password123,STUDENT,22IT051,IT
Student 52,student52@citchennai.net,password123,STUDENT,21MECH052,MECH
Student 53,student53@citchennai.net,password123,STUDENT,21EEE053,EEE
Student 54,student54@citchennai.net,password123,STUDENT,22IT054,IT
Student 55,student55@citchennai.net,password123,STUDENT,24CSE055,CSE
Student 56,student56@citchennai.net,password123,STUDENT,23ECE056,ECE
Student 57,student57@citchennai.net,password123,STUDENT,24BME057,BME
Student 58,student58@citchennai.net,password123,STUDENT,23EEE058,EEE
Student 59,student59@citchennai.net,password123,STUDENT,24EEE059,EEE
Student 60,student60@citchennai.net,password123,STUDENT,21ECE060,ECE
Student 61,student61@citchennai.net,password123,STUDENT,21EEE061,EEE
Student 62,student62@citchennai.net,password123,STUDENT,21ECE062,ECE
Student 63,student63@citchennai.net,password123,STUDENT,21CIVIL063,CIVIL
Student 64,student64@citchennai.net,password123,STUDENT,23MECH064,MECH
Student 65,student65@citchennai.net,password123,STUDENT,23AI-DS065,AI-DS
Student 66,student66@citchennai.net,password123,STUDENT,21BME066,BME
Student 67,student67@citchennai.net,password123,STUDENT,22CIVIL067,CIVIL
Student 68,student68@citchennai.net,password123,STUDENT,21MECH068,MECH
Student 69,student69@citchennai.net,password123,STUDENT,24MECH069,MECH
Student 70,student70@citchennai.net,password123,STUDENT,23EEE070,EEE
Student 71,student71@citchennai.net,password123,STUDENT,21ECE071,ECE
Student 72,student72@citchennai.net,password123,STUDENT,23BME072,BME
Student 73,student73@citchennai.net,password123,STUDENT,23EEE073,EEE
Student 74,student74@citchennai.net,password123,STUDENT,23EEE074,EEE
Student 75,student75@citchennai.net,password123,STUDENT,23CSE075,CSE
Student 76,student76@citchennai.net,password123,STUDENT,21MECH076,MECH
Student 77,student77@citchennai.net,password123,STUDENT,24AI-DS077,AI-DS
Student 78,student78@citchennai.net,password123,STUDENT,22AI-DS078,AI-DS
Student 79,student79@citchennai.net,password123,STUDENT,22AI-DS079,AI-DS
Student 80,student80@citchennai.net,password123,STUDENT,23IT080,IT
Student 81,student81@citchennai.net,password123,STUDENT,22EEE081,EEE
Student 82,student82@citchennai.net,password123,STUDENT,22BME082,BME
Student 83,student83@citchennai.net,password123,STUDENT,21AI-DS083,AI-DS
Student 84,student84@citchennai.net,password123,STUDENT,21ECE084,ECE
Student 85,student85@citchennai.net,password123,STUDENT,21ECE085,ECE
Student 86,student86@citchennai.net,password123,STUDENT,22MECH086,MECH
Student 87,student87@citchennai.net,password123,STUDENT,23EEE087,EEE
Student 88,student88@citchennai.net,password123,STUDENT,23MECH088,MECH
Student 89,student89@citchennai.net,password123,STUDENT,21BME089,BME
Student 90,student90@citchennai.net,password123,STUDENT,24CSE090,CSE
Student 91,student91@citchennai.net,password123,STUDENT,24AI-DS091,AI-DS
Student 92,student92@citchennai.net,password123,STUDENT,21MECH092,MECH
Student 93,student93@citchennai.net,password123,STUDENT,21EEE093,EEE
Student 94,student94@citchennai.net,password123,STUDENT,21CSE094,CSE
Student 95,student95@citchennai.net,password123,STUDENT,24AI-DS095,AI-DS
Student 96,student96@citchennai.net,password123,STUDENT,21AI-DS096,AI-DS
Student 97,student97@citchennai.net,password123,STUDENT,21IT097,IT
Student 98,student98@citchennai.net,password123,STUDENT,24CIVIL098,CIVIL
Student 99,student99@citchennai.net,password123,STUDENT,21MECH099,MECH
Student 100,student100@citchennai.net,password123,STUDENT,24AI-DS100,AI-DS
Student 101,student101@citchennai.net,password123,STUDENT,23EEE101,EEE
Student 102,student102@citchennai.net,password123,STUDENT,24IT102,IT
Student 103,student103@citchennai.net,password123,STUDENT,24IT103,IT
Student 104,student104@citchennai.net,password123,STUDENT,21AI-DS104,AI-DS
Student 105,student105@citchennai.net,password123,STUDENT,22CSE105,CSE
Student 106,student106@citchennai.net,password123,STUDENT,23EEE106,EEE
Student 107,student107@citchennai.net,password123,STUDENT,21EEE107,EEE
Student 108,student108@citchennai.net,password123,STUDENT,23CIVIL108,CIVIL
Student 109,student109@citchennai.net,password123,STUDENT,22CIVIL109,CIVIL
Student 110,student110@citchennai.net,password123,STUDENT,23AI-DS110,AI-DS
Student 111,student111@citchennai.net,password123,STUDENT,23EEE111,EEE
Student 112,student112@citchennai.net,password123,STUDENT,23CSE112,CSE
Student 113,student113@citchennai.net,password123,STUDENT,24CIVIL113,CIVIL
Student 114,student114@citchennai.net,password123,STUDENT,24MECH114,MECH
Student 115,student115@citchennai.net,password123,STUDENT,22BME115,BME
Student 116,student116@citchennai.net,password123,STUDENT,22ECE116,ECE
Student 117,student117@citchennai.net,password123,STUDENT,23BME117,BME
Student 118,student118@citchennai.net,password123,STUDENT,23IT118,IT
Student 119,student119@citchennai.net,password123,STUDENT,24IT119,IT
Student 120,student120@citchennai.net,password123,STUDENT,23ECE120,ECE
Student 121,student121@citchennai.net,password123,STUDENT,23MECH121,MECH
Student 122,student122@citchennai.net,password123,STUDENT,24CIVIL122,CIVIL
Student 123,student123@citchennai.net,password123,STUDENT,21ECE123,ECE
Student 124,student124@citchennai.net,password123,STUDENT,21EEE124,EEE
Student 125,student125@citchennai.net,password123,STUDENT,21EEE125,EEE
Student 126,student126@citchennai.net,password123,STUDENT,21AI-DS126,AI-DS
Student 127,student127@citchennai.net,password123,STUDENT,24BME127,BME
Student 128,student128@citchennai.net,password123,STUDENT,22CSE128,CSE
Student 129,student129@citchennai.net,password123,STUDENT,24MECH129,MECH
Student 130,student130@citchennai.net,password123,STUDENT,22ECE130,ECE
Student 131,student131@citchennai.net,password123,STUDENT,24IT131,IT
Student 132,student132@citchennai.net,password123,STUDENT,22EEE132,EEE
Student 133,student133@citchennai.net,password123,STUDENT,24EEE133,EEE
Student 134,student134@citchennai.net,password123,STUDENT,23BME134,BME
Student 135,student135@citchennai.net,password123,STUDENT,23BME135,BME
Student 136,student136@citchennai.net,password123,STUDENT,23CIVIL136,CIVIL
Student 137,student137@citchennai.net,password123,STUDENT,23EEE137,EEE
Student 138,student138@citchennai.net,password123,STUDENT,23MECH138,MECH
Student 139,student139@citchennai.net,password123,STUDENT,23MECH139,MECH
Student 140,student140@citchennai.net,password123,STUDENT,22IT140,IT
Student 141,student141@citchennai.net,password123,STUDENT,23AI-DS141,AI-DS
Student 142,student142@citchennai.net,password123,STUDENT,23MECH142,MECH
Student 143,student143@citchennai.net,password123,STUDENT,24CSE143,CSE
Student 144,student144@citchennai.net,password123,STUDENT,24CSE144,CSE
Student 145,student145@citchennai.net,password123,STUDENT,23EEE145,EEE
Student 146,student146@citchennai.net,password123,STUDENT,21MECH146,MECH
Student 147,student147@citchennai.net,password123,STUDENT,24IT147,IT
Student 148,student148@citchennai.net,password123,STUDENT,23CIVIL148,CIVIL
Student 149,student149@citchennai.net,password123,STUDENT,24ECE149,ECE
Student 150,student150@citchennai.net,password123,STUDENT,21MECH150,MECH
Student 151,student151@citchennai.net,password123,STUDENT,23BME151,BME
Student 152,student152@citchennai.net,password123,STUDENT,24MECH152,MECH
Student 153,student153@citchennai.net,password123,STUDENT,22IT153,IT
Student 154,student154@citchennai.net,password123,STUDENT,22CSE154,CSE
Student 155,student155@citchennai.net,password123,STUDENT,24MECH155,MECH
Student 156,student156@citchennai.net,password123,STUDENT,24EEE156,EEE
Student 157,student157@citchennai.net,password123,STUDENT,21BME157,BME
Student 158,student158@citchennai.net,password123,STUDENT,22CSE158,CSE
Student 159,student159@citchennai.net,password123,STUDENT,22ECE159,ECE
Student 160,student160@citchennai.net,password123,STUDENT,21CIVIL160,CIVIL
Student 161,student161@citchennai.net,password123,STUDENT,21MECH161,MECH
Student 162,student162@citchennai.net,password123,STUDENT,24MECH162,MECH
Student 163,student163@citchennai.net,password123,STUDENT,23EEE163,EEE
Student 164,student164@citchennai.net,password123,STUDENT,24MECH164,MECH
Student 165,student165@citchennai.net,password123,STUDENT,23ECE165,ECE
Student 166,student166@citchennai.net,password123,STUDENT,24IT166,IT
Student 167,student167@citchennai.net,password123,STUDENT,21EEE167,EEE
Student 168,student168@citchennai.net,password123,STUDENT,24EEE168,EEE
Student 169,student169@citchennai.net,password123,STUDENT,21ECE169,ECE
Student 170,student170@citchennai.net,password123,STUDENT,22AI-DS170,AI-DS
Student 171,student171@citchennai.net,password123,STUDENT,24ECE171,ECE
Student 172,student172@citchennai.net,password123,STUDENT,23AI-DS172,AI-DS
Student 173,student173@citchennai.net,password123,STUDENT,22MECH173,MECH
Student 174,student174@citchennai.net,password123,STUDENT,24BME174,BME
Student 175,student175@citchennai.net,password123,STUDENT,23BME175,BME
Student 176,student176@citchennai.net,password123,STUDENT,22MECH176,MECH
Student 177,student177@citchennai.net,password123,STUDENT,21BME177,BME
Student 178,student178@citchennai.net,password123,STUDENT,21AI-DS178,AI-DS
Student 179,student179@citchennai.net,password123,STUDENT,22BME179,BME
Student 180,student180@citchennai.net,password123,STUDENT,22IT180,IT
Student 181,student181@citchennai.net,password123,STUDENT,24CIVIL181,CIVIL
Student 182,student182@citchennai.net,password123,STUDENT,21BME182,BME
Student 183,student183@citchennai.net,password123,STUDENT,22CIVIL183,CIVIL
Student 184,student184@citchennai.net,password123,STUDENT,22AI-DS184,AI-DS
Student 185,student185@citchennai.net,password123,STUDENT,21CSE185,CSE
Student 186,student186@citchennai.net,password123,STUDENT,23IT186,IT
Student 187,student187@citchennai.net,password123,STUDENT,23AI-DS187,AI-DS
Student 188,student188@citchennai.net,password123,STUDENT,22CIVIL188,CIVIL
Student 189,student189@citchennai.net,password123,STUDENT,22BME189,BME
Student 190,student190@citchennai.net,password123,STUDENT,22EEE190,EEE
Student 191,student191@citchennai.net,password123,STUDENT,22BME191,BME
Student 192,student192@citchennai.net,password123,STUDENT,23IT192,IT
Student 193,student193@citchennai.net,password123,STUDENT,23CSE193,CSE
Student 194,student194@citchennai.net,password123,STUDENT,21MECH194,MECH
Student 195,student195@citchennai.net,password123,STUDENT,22CSE195,CSE
Student 196,student196@citchennai.net,password123,STUDENT,24ECE196,ECE
Student 197,student197@citchennai.net,password123,STUDENT,22MECH197,MECH
Student 198,student198@citchennai.net,password123,STUDENT,21BME198,BME
Student 199,student199@citchennai.net,password123,STUDENT,22EEE199,EEE
Student 200,student200@citchennai.net,password123,STUDENT,23ECE200,ECE
Student 201,student201@citchennai.net,password123,STUDENT,23AI-DS201,AI-DS
Student 202,student202@citchennai.net,password123,STUDENT,24CIVIL202,CIVIL
Student 203,student203@citchennai.net,password123,STUDENT,21CIVIL203,CIVIL
Student 204,student204@citchennai.net,password123,STUDENT,22AI-DS204,AI-DS
Student 205,student205@citchennai.net,password123,STUDENT,24EEE205,EEE
Student 206,student206@citchennai.net,password123,STUDENT,24AI-DS206,AI-DS
Student 207,student207@citchennai.net,password123,STUDENT,24CSE207,CSE
Student 208,student208@citchennai.net,password123,STUDENT,21AI-DS208,AI-DS
Student 209,student209@citchennai.net,password123,STUDENT,23MECH209,MECH
Student 210,student210@citchennai.net,password123,STUDENT,24EEE210,EEE
Student 211,student211@citchennai.net,password123,STUDENT,23EEE211,EEE
Student 212,student212@citchennai.net,password123,STUDENT,23AI-DS212,AI-DS
Student 213,student213@citchennai.net,password123,STUDENT,24MECH213,MECH
Student 214,student214@citchennai.net,password123,STUDENT,24MECH214,MECH
Student 215,student215@citchennai.net,password123,STUDENT,24ECE215,ECE
Student 216,student216@citchennai.net,password123,STUDENT,23EEE216,EEE
Student 217,student217@citchennai.net,password123,STUDENT,23ECE217,ECE
Student 218,student218@citchennai.net,password123,STUDENT,24AI-DS218,AI-DS
Student 219,student219@citchennai.net,password123,STUDENT,24BME219,BME
Student 220,student220@citchennai.net,password123,STUDENT,24CSE220,CSE
Student 221,student221@citchennai.net,password123,STUDENT,22MECH221,MECH
Student 222,student222@citchennai.net,password123,STUDENT,21CSE222,CSE
Student 223,student223@citchennai.net,password123,STUDENT,21MECH223,MECH
Student 224,student224@citchennai.net,password123,STUDENT,22MECH224,MECH
Student 225,student225@citchennai.net,password123,STUDENT,21EEE225,EEE
Student 226,student226@citchennai.net,password123,STUDENT,21ECE226,ECE
Student 227,student227@citchennai.net,password123,STUDENT,24CSE227,CSE
Student 228,student228@citchennai.net,password123,STUDENT,22AI-DS228,AI-DS
Student 229,student229@citchennai.net,password123,STUDENT,22IT229,IT
Student 230,student230@citchennai.net,password123,STUDENT,21ECE230,ECE
Student 231,student231@citchennai.net,password123,STUDENT,23CSE231,CSE
Student 232,student232@citchennai.net,password123,STUDENT,21IT232,IT
Student 233,student233@citchennai.net,password123,STUDENT,24ECE233,ECE
Student 234,student234@citchennai.net,password123,STUDENT,23AI-DS234,AI-DS
Student 235,student235@citchennai.net,password123,STUDENT,24ECE235,ECE
Student 236,student236@citchennai.net,password123,STUDENT,22BME236,BME
Student 237,student237@citchennai.net,password123,STUDENT,24AI-DS237,AI-DS
Student 238,student238@citchennai.net,password123,STUDENT,23AI-DS238,AI-DS
Student 239,student239@citchennai.net,password123,STUDENT,21CIVIL239,CIVIL
Student 240,student240@citchennai.net,password123,STUDENT,21ECE240,ECE
Student 241,student241@citchennai.net,password123,STUDENT,24BME241,BME
Student 242,student242@citchennai.net,password123,STUDENT,23IT242,IT
Student 243,student243@citchennai.net,password123,STUDENT,22ECE243,ECE
Student 244,student244@citchennai.net,password123,STUDENT,23BME244,BME
Student 245,student245@citchennai.net,password123,STUDENT,22IT245,IT
Student 246,student246@citchennai.net,password123,STUDENT,22MECH246,MECH
Student 247,student247@citchennai.net,password123,STUDENT,22BME247,BME
Student 248,student248@citchennai.net,password123,STUDENT,22BME248,BME
Student 249,student249@citchennai.net,password123,STUDENT,23AI-DS249,AI-DS
Student 250,student250@citchennai.net,password123,STUDENT,22MECH250,MECH
Student 251,student251@citchennai.net,password123,STUDENT,23AI-DS251,AI-DS
Student 252,student252@citchennai.net,password123,STUDENT,22BME252,BME
Student 253,student253@citchennai.net,password123,STUDENT,21IT253,IT
Student 254,student254@citchennai.net,password123,STUDENT,23CIVIL254,CIVIL
Student 255,student255@citchennai.net,password123,STUDENT,23AI-DS255,AI-DS
Student 256,student256@citchennai.net,password123,STUDENT,23AI-DS256,AI-DS
Student 257,student257@citchennai.net,password123,STUDENT,22CSE257,CSE
Student 258,student258@citchennai.net,password123,STUDENT,22IT258,IT
Student 259,student259@citchennai.net,password123,STUDENT,24BME259,BME
Student 260,student260@citchennai.net,password123,STUDENT,23AI-DS260,AI-DS
Student 261,student261@citchennai.net,password123,STUDENT,22EEE261,EEE
Student 262,student262@citchennai.net,password123,STUDENT,21ECE262,ECE
Student 263,student263@citchennai.net,password123,STUDENT,24EEE263,EEE
Student 264,student264@citchennai.net,password123,STUDENT,21MECH264,MECH
Student 265,student265@citchennai.net,password123,STUDENT,22BME265,BME
Student 266,student266@citchennai.net,password123,STUDENT,21MECH266,MECH
Student 267,student267@citchennai.net,password123,STUDENT,22AI-DS267,AI-DS
Student 268,student268@citchennai.net,password123,STUDENT,21CSE268,CSE
Student 269,student269@citchennai.net,password123,STUDENT,23IT269,IT
Student 270,student270@citchennai.net,password123,STUDENT,21MECH270,MECH
Student 271,student271@citchennai.net,password123,STUDENT,22EEE271,EEE
Student 272,student272@citchennai.net,password123,STUDENT,21CIVIL272,CIVIL
Student 273,student273@citchennai.net,password123,STUDENT,23MECH273,MECH
Student 274,student274@citchennai.net,password123,STUDENT,21AI-DS274,AI-DS
Student 275,student275@citchennai.net,password123,STUDENT,22BME275,BME
Student 276,student276@citchennai.net,password123,STUDENT,23MECH276,MECH
Student 277,student277@citchennai.net,password123,STUDENT,21AI-DS277,AI-DS
Student 278,student278@citchennai.net,password123,STUDENT,22BME278,BME
Student 279,student279@citchennai.net,password123,STUDENT,21IT279,IT
Student 280,student280@citchennai.net,password123,STUDENT,23MECH280,MECH
Student 281,student281@citchennai.net,password123,STUDENT,23AI-DS281,AI-DS
Student 282,student282@citchennai.net,password123,STUDENT,22MECH282,MECH
Student 283,student283@citchennai.net,password123,STUDENT,24AI-DS283,AI-DS
Student 284,student284@citchennai.net,password123,STUDENT,23ECE284,ECE
Student 285,student285@citchennai.net,password123,STUDENT,23MECH285,MECH
Student 286,student286@citchennai.net,password123,STUDENT,24BME286,BME
Student 287,student287@citchennai.net,password123,STUDENT,24ECE287,ECE
Student 288,student288@citchennai.net,password123,STUDENT,23IT288,IT
Student 289,student289@citchennai.net,password123,STUDENT,22ECE289,ECE
Student 290,student290@citchennai.net,password123,STUDENT,22MECH290,MECH
Student 291,student291@citchennai.net,password123,STUDENT,24IT291,IT
Student 292,student292@citchennai.net,password123,STUDENT,22ECE292,ECE
Student 293,student293@citchennai.net,password123,STUDENT,21ECE293,ECE
Student 294,student294@citchennai.net,password123,STUDENT,21IT294,IT
Student 295,student295@citchennai.net,password123,STUDENT,23MECH295,MECH
Student 296,student296@citchennai.net,password123,STUDENT,21IT296,IT
Student 297,student297@citchennai.net,password123,STUDENT,24EEE297,EEE
Student 298,student298@citchennai.net,password123,STUDENT,22BME298,BME
Student 299,student299@citchennai.net,password123,STUDENT,22IT299,IT
Student 300,student300@citchennai.net,password123,STUDENT,22MECH300,MECH
Student 301,student301@citchennai.net,password123,STUDENT,23CIVIL301,CIVIL
Student 302,student302@citchennai.net,password123,STUDENT,21AI-DS302,AI-DS
Student 303,student303@citchennai.net,password123,STUDENT,21CIVIL303,CIVIL
Student 304,student304@citchennai.net,password123,STUDENT,21ECE304,ECE
Student 305,student305@citchennai.net,password123,STUDENT,22ECE305,ECE
Student 306,student306@citchennai.net,password123,STUDENT,22EEE306,EEE
Student 307,student307@citchennai.net,password123,STUDENT,21CSE307,CSE
Student 308,student308@citchennai.net,password123,STUDENT,23ECE308,ECE
Student 309,student309@citchennai.net,password123,STUDENT,24ECE309,ECE
Student 310,student310@citchennai.net,password123,STUDENT,24IT310,IT
Student 311,student311@citchennai.net,password123,STUDENT,23CSE311,CSE
Student 312,student312@citchennai.net,password123,STUDENT,22CIVIL312,CIVIL
Student 313,student313@citchennai.net,password123,STUDENT,21ECE313,ECE
Student 314,student314@citchennai.net,password123,STUDENT,24BME314,BME
Student 315,student315@citchennai.net,password123,STUDENT,23CSE315,CSE
Student 316,student316@citchennai.net,password123,STUDENT,21BME316,BME
Student 317,student317@citchennai.net,password123,STUDENT,23BME317,BME
Student 318,student318@citchennai.net,password123,STUDENT,21EEE318,EEE
Student 319,student319@citchennai.net,password123,STUDENT,22EEE319,EEE
Student 320,student320@citchennai.net,password123,STUDENT,24MECH320,MECH
Student 321,student321@citchennai.net,password123,STUDENT,24AI-DS321,AI-DS
Student 322,student322@citchennai.net,password123,STUDENT,24EEE322,EEE
Student 323,student323@citchennai.net,password123,STUDENT,22CIVIL323,CIVIL
Student 324,student324@citchennai.net,password123,STUDENT,21CSE324,CSE
Student 325,student325@citchennai.net,password123,STUDENT,24IT325,IT
Student 326,student326@citchennai.net,password123,STUDENT,21MECH326,MECH
Student 327,student327@citchennai.net,password123,STUDENT,24AI-DS327,AI-DS
Student 328,student328@citchennai.net,password123,STUDENT,23EEE328,EEE
Student 329,student329@citchennai.net,password123,STUDENT,23BME329,BME
Student 330,student330@citchennai.net,password123,STUDENT,24BME330,BME
Student 331,student331@citchennai.net,password123,STUDENT,21BME331,BME
Student 332,student332@citchennai.net,password123,STUDENT,21CSE332,CSE
Student 333,student333@citchennai.net,password123,STUDENT,23AI-DS333,AI-DS
Student 334,student334@citchennai.net,password123,STUDENT,22CIVIL334,CIVIL
Student 335,student335@citchennai.net,password123,STUDENT,23IT335,IT
Student 336,student336@citchennai.net,password123,STUDENT,23ECE336,ECE
Student 337,student337@citchennai.net,password123,STUDENT,24ECE337,ECE
Student 338,student338@citchennai.net,password123,STUDENT,23BME338,BME
Student 339,student339@citchennai.net,password123,STUDENT,21BME339,BME
Student 340,student340@citchennai.net,password123,STUDENT,24CSE340,CSE
Student 341,student341@citchennai.net,password123,STUDENT,21CIVIL341,CIVIL
Student 342,student342@citchennai.net,password123,STUDENT,21CSE342,CSE
Student 343,student343@citchennai.net,password123,STUDENT,23CSE343,CSE
Student 344,student344@citchennai.net,password123,STUDENT,21BME344,BME
Student 345,student345@citchennai.net,password123,STUDENT,23AI-DS345,AI-DS
Student 346,student346@citchennai.net,password123,STUDENT,21BME346,BME
Student 347,student347@citchennai.net,password123,STUDENT,24MECH347,MECH
Student 348,student348@citchennai.net,password123,STUDENT,24CIVIL348,CIVIL
Student 349,student349@citchennai.net,password123,STUDENT,24CIVIL349,CIVIL
Student 350,student350@citchennai.net,password123,STUDENT,22CSE350,CSE
Student 351,student351@citchennai.net,password123,STUDENT,23BME351,BME
Student 352,student352@citchennai.net,password123,STUDENT,22AI-DS352,AI-DS
Student 353,student353@citchennai.net,password123,STUDENT,21BME353,BME
Student 354,student354@citchennai.net,password123,STUDENT,23CIVIL354,CIVIL
Student 355,student355@citchennai.net,password123,STUDENT,21CIVIL355,CIVIL
Student 356,student356@citchennai.net,password123,STUDENT,22AI-DS356,AI-DS
Student 357,student357@citchennai.net,password123,STUDENT,23CSE357,CSE
Student 358,student358@citchennai.net,password123,STUDENT,22IT358,IT
Student 359,student359@citchennai.net,password123,STUDENT,24ECE359,ECE
Student 360,student360@citchennai.net,password123,STUDENT,24CSE360,CSE
Student 361,student361@citchennai.net,password123,STUDENT,21EEE361,EEE
Student 362,student362@citchennai.net,password123,STUDENT,21ECE362,ECE
Student 363,student363@citchennai.net,password123,STUDENT,21EEE363,EEE
Student 364,student364@citchennai.net,password123,STUDENT,21CSE364,CSE
Student 365,student365@citchennai.net,password123,STUDENT,21MECH365,MECH
Student 366,student366@citchennai.net,password123,STUDENT,23BME366,BME
Student 367,student367@citchennai.net,password123,STUDENT,22BME367,BME
Student 368,student368@citchennai.net,password123,STUDENT,23EEE368,EEE
Student 369,student369@citchennai.net,password123,STUDENT,24EEE369,EEE
Student 370,student370@citchennai.net,password123,STUDENT,23ECE370,ECE
Student 371,student371@citchennai.net,password123,STUDENT,21AI-DS371,AI-DS
Student 372,student372@citchennai.net,password123,STUDENT,22CSE372,CSE
Student 373,student373@citchennai.net,password123,STUDENT,24CSE373,CSE
Student 374,student374@citchennai.net,password123,STUDENT,21CSE374,CSE
Student 375,student375@citchennai.net,password123,STUDENT,24CSE375,CSE
Student 376,student376@citchennai.net,password123,STUDENT,22AI-DS376,AI-DS
Student 377,student377@citchennai.net,password123,STUDENT,22BME377,BME
Student 378,student378@citchennai.net,password123,STUDENT,24ECE378,ECE
Student 379,student379@citchennai.net,password123,STUDENT,24BME379,BME
Student 380,student380@citchennai.net,password123,STUDENT,23ECE380,ECE
Student 381,student381@citchennai.net,password123,STUDENT,23AI-DS381,AI-DS
Student 382,student382@citchennai.net,password123,STUDENT,24CSE382,CSE
Student 383,student383@citchennai.net,password123,STUDENT,24ECE383,ECE
Student 384,student384@citchennai.net,password123,STUDENT,22MECH384,MECH
Student 385,student385@citchennai.net,password123,STUDENT,22EEE385,EEE
Student 386,student386@citchennai.net,password123,STUDENT,22CSE386,CSE
Student 387,student387@citchennai.net,password123,STUDENT,24CIVIL387,CIVIL
Student 388,student388@citchennai.net,password123,STUDENT,24EEE388,EEE
Student 389,student389@citchennai.net,password123,STUDENT,22AI-DS389,AI-DS
Student 390,student390@citchennai.net,password123,STUDENT,23MECH390,MECH
Student 391,student391@citchennai.net,password123,STUDENT,22ECE391,ECE
Student 392,student392@citchennai.net,password123,STUDENT,23MECH392,MECH
Student 393,student393@citchennai.net,password123,STUDENT,22AI-DS393,AI-DS
Student 394,student394@citchennai.net,password123,STUDENT,23AI-DS394,AI-DS
Student 395,student395@citchennai.net,password123,STUDENT,22ECE395,ECE
Student 396,student396@citchennai.net,password123,STUDENT,22EEE396,EEE
Student 397,student397@citchennai.net,password123,STUDENT,22CIVIL397,CIVIL
Student 398,student398@citchennai.net,password123,STUDENT,21BME398,BME
Student 399,student399@citchennai.net,password123,STUDENT,24ECE399,ECE
Student 400,student400@citchennai.net,password123,STUDENT,23AI-DS400,AI-DS
Student 401,student401@citchennai.net,password123,STUDENT,23BME401,BME
Student 402,student402@citchennai.net,password123,STUDENT,22IT402,IT
Student 403,student403@citchennai.net,password123,STUDENT,23IT403,IT
Student 404,student404@citchennai.net,password123,STUDENT,21AI-DS404,AI-DS
Student 405,student405@citchennai.net,password123,STUDENT,22EEE405,EEE
Student 406,student406@citchennai.net,password123,STUDENT,22MECH406,MECH
Student 407,student407@citchennai.net,password123,STUDENT,23AI-DS407,AI-DS
Student 408,student408@citchennai.net,password123,STUDENT,22BME408,BME
Student 409,student409@citchennai.net,password123,STUDENT,23IT409,IT
Student 410,student410@citchennai.net,password123,STUDENT,22AI-DS410,AI-DS
Student 411,student411@citchennai.net,password123,STUDENT,22CSE411,CSE
Student 412,student412@citchennai.net,password123,STUDENT,22IT412,IT
Student 413,student413@citchennai.net,password123,STUDENT,22ECE413,ECE
Student 414,student414@citchennai.net,password123,STUDENT,22EEE414,EEE
Student 415,student415@citchennai.net,password123,STUDENT,21IT415,IT
Student 416,student416@citchennai.net,password123,STUDENT,21BME416,BME
Student 417,student417@citchennai.net,password123,STUDENT,22CSE417,CSE
Student 418,student418@citchennai.net,password123,STUDENT,22EEE418,EEE
Student 419,student419@citchennai.net,password123,STUDENT,22CIVIL419,CIVIL
Student 420,student420@citchennai.net,password123,STUDENT,22EEE420,EEE
Student 421,student421@citchennai.net,password123,STUDENT,22IT421,IT
Student 422,student422@citchennai.net,password123,STUDENT,24MECH422,MECH
Student 423,student423@citchennai.net,password123,STUDENT,21AI-DS423,AI-DS
Student 424,student424@citchennai.net,password123,STUDENT,24MECH424,MECH
Student 425,student425@citchennai.net,password123,STUDENT,21AI-DS425,AI-DS
Student 426,student426@citchennai.net,password123,STUDENT,23MECH426,MECH
Student 427,student427@citchennai.net,password123,STUDENT,22CSE427,CSE
Student 428,student428@citchennai.net,password123,STUDENT,24CSE428,CSE
Student 429,student429@citchennai.net,password123,STUDENT,21IT429,IT
Student 430,student430@citchennai.net,password123,STUDENT,24ECE430,ECE
Student 431,student431@citchennai.net,password123,STUDENT,24CIVIL431,CIVIL
Student 432,student432@citchennai.net,password123,STUDENT,24MECH432,MECH
Student 433,student433@citchennai.net,password123,STUDENT,24CSE433,CSE
Student 434,student434@citchennai.net,password123,STUDENT,23ECE434,ECE
Student 435,student435@citchennai.net,password123,STUDENT,21CIVIL435,CIVIL
Student 436,student436@citchennai.net,password123,STUDENT,24MECH436,MECH
Student 437,student437@citchennai.net,password123,STUDENT,21ECE437,ECE
Student 438,student438@citchennai.net,password123,STUDENT,23IT438,IT
Student 439,student439@citchennai.net,password123,STUDENT,23EEE439,EEE
Student 440,student440@citchennai.net,password123,STUDENT,24CIVIL440,CIVIL
Student 441,student441@citchennai.net,password123,STUDENT,21MECH441,MECH
Student 442,student442@citchennai.net,password123,STUDENT,22IT442,IT
Student 443,student443@citchennai.net,password123,STUDENT,23EEE443,EEE
Student 444,student444@citchennai.net,password123,STUDENT,23CIVIL444,CIVIL
Student 445,student445@citchennai.net,password123,STUDENT,24ECE445,ECE
Student 446,student446@citchennai.net,password123,STUDENT,22AI-DS446,AI-DS
Student 447,student447@citchennai.net,password123,STUDENT,22CSE447,CSE
Student 448,student448@citchennai.net,password123,STUDENT,24MECH448,MECH
Student 449,student449@citchennai.net,password123,STUDENT,22EEE449,EEE
Student 450,student450@citchennai.net,password123,STUDENT,24MECH450,MECH
Student 451,student451@citchennai.net,password123,STUDENT,23IT451,IT
Student 452,student452@citchennai.net,password123,STUDENT,22ECE452,ECE
Student 453,student453@citchennai.net,password123,STUDENT,22MECH453,MECH
Student 454,student454@citchennai.net,password123,STUDENT,23BME454,BME
Student 455,student455@citchennai.net,password123,STUDENT,24EEE455,EEE
Student 456,student456@citchennai.net,password123,STUDENT,24IT456,IT
Student 457,student457@citchennai.net,password123,STUDENT,24CSE457,CSE
Student 458,student458@citchennai.net,password123,STUDENT,22CIVIL458,CIVIL
Student 459,student459@citchennai.net,password123,STUDENT,24MECH459,MECH
Student 460,student460@citchennai.net,password123,STUDENT,21IT460,IT
Student 461,student461@citchennai.net,password123,STUDENT,23MECH461,MECH
Student 462,student462@citchennai.net,password123,STUDENT,21MECH462,MECH
Student 463,student463@citchennai.net,password123,STUDENT,21BME463,BME
Student 464,student464@citchennai.net,password123,STUDENT,21IT464,IT
Student 465,student465@citchennai.net,password123,STUDENT,22BME465,BME
Student 466,student466@citchennai.net,password123,STUDENT,24CIVIL466,CIVIL
Student 467,student467@citchennai.net,password123,STUDENT,24EEE467,EEE
Student 468,student468@citchennai.net,password123,STUDENT,23MECH468,MECH
Student 469,student469@citchennai.net,password123,STUDENT,24CIVIL469,CIVIL
Student 470,student470@citchennai.net,password123,STUDENT,23EEE470,EEE
Student 471,student471@citchennai.net,password123,STUDENT,24CSE471,CSE
Student 472,student472@citchennai.net,password123,STUDENT,22AI-DS472,AI-DS
Student 473,student473@citchennai.net,password123,STUDENT,21AI-DS473,AI-DS
Student 474,student474@citchennai.net,password123,STUDENT,23BME474,BME
Student 475,student475@citchennai.net,password123,STUDENT,24CSE475,CSE
Student 476,student476@citchennai.net,password123,STUDENT,23EEE476,EEE
Student 477,student477@citchennai.net,password123,STUDENT,24ECE477,ECE
Student 478,student478@citchennai.net,password123,STUDENT,24MECH478,MECH
Student 479,student479@citchennai.net,password123,STUDENT,24CIVIL479,CIVIL
Student 480,student480@citchennai.net,password123,STUDENT,23EEE480,EEE
Student 481,student481@citchennai.net,password123,STUDENT,23MECH481,MECH
Student 482,student482@citchennai.net,password123,STUDENT,24IT482,IT
Student 483,student483@citchennai.net,password123,STUDENT,21EEE483,EEE
Student 484,student484@citchennai.net,password123,STUDENT,22ECE484,ECE
Student 485,student485@citchennai.net,password123,STUDENT,22CIVIL485,CIVIL
Student 486,student486@citchennai.net,password123,STUDENT,21IT486,IT
Student 487,student487@citchennai.net,password123,STUDENT,23IT487,IT
Student 488,student488@citchennai.net,password123,STUDENT,22ECE488,ECE
Student 489,student489@citchennai.net,password123,STUDENT,23CIVIL489,CIVIL
Student 490,student490@citchennai.net,password123,STUDENT,22IT490,IT
Student 491,student491@citchennai.net,password123,STUDENT,24ECE491,ECE
Student 492,student492@citchennai.net,password123,STUDENT,22CSE492,CSE
Student 493,student493@citchennai.net,password123,STUDENT,21IT493,IT
Student 494,student494@citchennai.net,password123,STUDENT,22IT494,IT
Student 495,student495@citchennai.net,password123,STUDENT,21BME495,BME
Student 496,student496@citchennai.net,password123,STUDENT,23BME496,BME
Student 497,student497@citchennai.net,password123,STUDENT,22ECE497,ECE
Student 498,student498@citchennai.net,password123,STUDENT,24BME498,BME
Student 499,student499@citchennai.net,password123,STUDENT,24CIVIL499,CIVIL
Student 500,student500@citchennai.net,password123,STUDENT,23AI-DS500,AI-DS
Student 501,student501@citchennai.net,password123,STUDENT,23ECE501,ECE
Student 502,student502@citchennai.net,password123,STUDENT,24CSE502,CSE
Student 503,student503@citchennai.net,password123,STUDENT,22EEE503,EEE
Student 504,student504@citchennai.net,password123,STUDENT,23EEE504,EEE
Student 505,student505@citchennai.net,password123,STUDENT,24AI-DS505,AI-DS
Student 506,student506@citchennai.net,password123,STUDENT,21BME506,BME
Student 507,student507@citchennai.net,password123,STUDENT,21BME507,BME
Student 508,student508@citchennai.net,password123,STUDENT,21AI-DS508,AI-DS
Student 509,student509@citchennai.net,password123,STUDENT,24BME509,BME
Student 510,student510@citchennai.net,password123,STUDENT,22EEE510,EEE
Student 511,student511@citchennai.net,password123,STUDENT,24CSE511,CSE
Student 512,student512@citchennai.net,password123,STUDENT,22BME512,BME
Student 513,student513@citchennai.net,password123,STUDENT,23CIVIL513,CIVIL
Student 514,student514@citchennai.net,password123,STUDENT,22BME514,BME
Student 515,student515@citchennai.net,password123,STUDENT,23MECH515,MECH
Student 516,student516@citchennai.net,password123,STUDENT,23EEE516,EEE
Student 517,student517@citchennai.net,password123,STUDENT,22IT517,IT
Student 518,student518@citchennai.net,password123,STUDENT,22CIVIL518,CIVIL
Student 519,student519@citchennai.net,password123,STUDENT,22ECE519,ECE
Student 520,student520@citchennai.net,password123,STUDENT,22EEE520,EEE
Student 521,student521@citchennai.net,password123,STUDENT,23CSE521,CSE
Student 522,student522@citchennai.net,password123,STUDENT,21ECE522,ECE
Student 523,student523@citchennai.net,password123,STUDENT,24CSE523,CSE
Student 524,student524@citchennai.net,password123,STUDENT,24CIVIL524,CIVIL
Student 525,student525@citchennai.net,password123,STUDENT,23BME525,BME
Student 526,student526@citchennai.net,password123,STUDENT,21CSE526,CSE
Student 527,student527@citchennai.net,password123,STUDENT,22ECE527,ECE
Student 528,student528@citchennai.net,password123,STUDENT,21MECH528,MECH
Student 529,student529@citchennai.net,password123,STUDENT,22EEE529,EEE
Student 530,student530@citchennai.net,password123,STUDENT,21MECH530,MECH
Student 531,student531@citchennai.net,password123,STUDENT,23BME531,BME
Student 532,student532@citchennai.net,password123,STUDENT,22EEE532,EEE
Student 533,student533@citchennai.net,password123,STUDENT,23IT533,IT
Student 534,student534@citchennai.net,password123,STUDENT,22EEE534,EEE
Student 535,student535@citchennai.net,password123,STUDENT,23ECE535,ECE
Student 536,student536@citchennai.net,password123,STUDENT,22EEE536,EEE
Student 537,student537@citchennai.net,password123,STUDENT,23EEE537,EEE
Student 538,student538@citchennai.net,password123,STUDENT,21ECE538,ECE
Student 539,student539@citchennai.net,password123,STUDENT,22IT539,IT
Student 540,student540@citchennai.net,password123,STUDENT,23BME540,BME
Student 541,student541@citchennai.net,password123,STUDENT,22BME541,BME
Student 542,student542@citchennai.net,password123,STUDENT,23AI-DS542,AI-DS
Student 543,student543@citchennai.net,password123,STUDENT,23BME543,BME
Student 544,student544@citchennai.net,password123,STUDENT,23CIVIL544,CIVIL
Student 545,student545@citchennai.net,password123,STUDENT,24EEE545,EEE
Student 546,student546@citchennai.net,password123,STUDENT,21CSE546,CSE
Student 547,student547@citchennai.net,password123,STUDENT,24EEE547,EEE
Student 548,student548@citchennai.net,password123,STUDENT,24MECH548,MECH
Student 549,student549@citchennai.net,password123,STUDENT,24MECH549,MECH
Student 550,student550@citchennai.net,password123,STUDENT,23CIVIL550,CIVIL
Student 551,student551@citchennai.net,password123,STUDENT,23BME551,BME
Student 552,student552@citchennai.net,password123,STUDENT,21MECH552,MECH
Student 553,student553@citchennai.net,password123,STUDENT,22EEE553,EEE
Student 554,student554@citchennai.net,password123,STUDENT,23ECE554,ECE
Student 555,student555@citchennai.net,password123,STUDENT,22EEE555,EEE
Student 556,student556@citchennai.net,password123,STUDENT,23AI-DS556,AI-DS
Student 557,student557@citchennai.net,password123,STUDENT,21CIVIL557,CIVIL
Student 558,student558@citchennai.net,password123,STUDENT,24BME558,BME
Student 559,student559@citchennai.net,password123,STUDENT,23CSE559,CSE
Student 560,student560@citchennai.net,password123,STUDENT,23EEE560,EEE
Student 561,student561@citchennai.net,password123,STUDENT,21IT561,IT
Student 562,student562@citchennai.net,password123,STUDENT,24CSE562,CSE
Student 563,student563@citchennai.net,password123,STUDENT,23IT563,IT
Student 564,student564@citchennai.net,password123,STUDENT,21ECE564,ECE
Student 565,student565@citchennai.net,password123,STUDENT,21IT565,IT
Student 566,student566@citchennai.net,password123,STUDENT,24IT566,IT
Student 567,student567@citchennai.net,password123,STUDENT,23IT567,IT
Student 568,student568@citchennai.net,password123,STUDENT,24EEE568,EEE
Student 569,student569@citchennai.net,password123,STUDENT,22ECE569,ECE
Student 570,student570@citchennai.net,password123,STUDENT,24ECE570,ECE
Student 571,student571@citchennai.net,password123,STUDENT,24ECE571,ECE
Student 572,student572@citchennai.net,password123,STUDENT,22EEE572,EEE
Student 573,student573@citchennai.net,password123,STUDENT,21CIVIL573,CIVIL
Student 574,student574@citchennai.net,password123,STUDENT,23BME574,BME
Student 575,student575@citchennai.net,password123,STUDENT,23IT575,IT
Student 576,student576@citchennai.net,password123,STUDENT,21CIVIL576,CIVIL
Student 577,student577@citchennai.net,password123,STUDENT,23EEE577,EEE
Student 578,student578@citchennai.net,password123,STUDENT,24IT578,IT
Student 579,student579@citchennai.net,password123,STUDENT,24ECE579,ECE
Student 580,student580@citchennai.net,password123,STUDENT,24EEE580,EEE
Student 581,student581@citchennai.net,password123,STUDENT,22AI-DS581,AI-DS
Student 582,student582@citchennai.net,password123,STUDENT,21CSE582,CSE
Student 583,student583@citchennai.net,password123,STUDENT,22AI-DS583,AI-DS
Student 584,student584@citchennai.net,password123,STUDENT,21MECH584,MECH
Student 585,student585@citchennai.net,password123,STUDENT,21ECE585,ECE
Student 586,student586@citchennai.net,password123,STUDENT,22ECE586,ECE
Student 587,student587@citchennai.net,password123,STUDENT,22MECH587,MECH
Student 588,student588@citchennai.net,password123,STUDENT,23IT588,IT
Student 589,student589@citchennai.net,password123,STUDENT,21CIVIL589,CIVIL
Student 590,student590@citchennai.net,password123,STUDENT,24BME590,BME
Student 591,student591@citchennai.net,password123,STUDENT,24MECH591,MECH
Student 592,student592@citchennai.net,password123,STUDENT,23IT592,IT
Student 593,student593@citchennai.net,password123,STUDENT,22ECE593,ECE
Student 594,student594@citchennai.net,password123,STUDENT,21MECH594,MECH
Student 595,student595@citchennai.net,password123,STUDENT,23IT595,IT
Student 596,student596@citchennai.net,password123,STUDENT,23EEE596,EEE
Student 597,student597@citchennai.net,password123,STUDENT,23IT597,IT
Student 598,student598@citchennai.net,password123,STUDENT,21BME598,BME
Student 599,student599@citchennai.net,password123,STUDENT,21AI-DS599,AI-DS
Student 600,student600@citchennai.net,password123,STUDENT,24AI-DS600,AI-DS
Student 601,student601@citchennai.net,password123,STUDENT,23EEE601,EEE
Student 602,student602@citchennai.net,password123,STUDENT,24AI-DS602,AI-DS
Student 603,student603@citchennai.net,password123,STUDENT,22CSE603,CSE
Student 604,student604@citchennai.net,password123,STUDENT,21AI-DS604,AI-DS
Student 605,student605@citchennai.net,password123,STUDENT,23IT605,IT
Student 606,student606@citchennai.net,password123,STUDENT,24ECE606,ECE
Student 607,student607@citchennai.net,password123,STUDENT,24MECH607,MECH
Student 608,student608@citchennai.net,password123,STUDENT,24CIVIL608,CIVIL
Student 609,student609@citchennai.net,password123,STUDENT,21MECH609,MECH
Student 610,student610@citchennai.net,password123,STUDENT,21CSE610,CSE
Student 611,student611@citchennai.net,password123,STUDENT,23AI-DS611,AI-DS
Student 612,student612@citchennai.net,password123,STUDENT,23AI-DS612,AI-DS
Student 613,student613@citchennai.net,password123,STUDENT,22AI-DS613,AI-DS
Student 614,student614@citchennai.net,password123,STUDENT,21ECE614,ECE
Student 615,student615@citchennai.net,password123,STUDENT,24EEE615,EEE
Student 616,student616@citchennai.net,password123,STUDENT,22CSE616,CSE
Student 617,student617@citchennai.net,password123,STUDENT,24CSE617,CSE
Student 618,student618@citchennai.net,password123,STUDENT,23CIVIL618,CIVIL
Student 619,student619@citchennai.net,password123,STUDENT,23ECE619,ECE
Student 620,student620@citchennai.net,password123,STUDENT,21CIVIL620,CIVIL
Student 621,student621@citchennai.net,password123,STUDENT,23AI-DS621,AI-DS
Student 622,student622@citchennai.net,password123,STUDENT,24BME622,BME
Student 623,student623@citchennai.net,password123,STUDENT,21EEE623,EEE
Student 624,student624@citchennai.net,password123,STUDENT,22EEE624,EEE
Student 625,student625@citchennai.net,password123,STUDENT,24BME625,BME
Student 626,student626@citchennai.net,password123,STUDENT,23CSE626,CSE
Student 627,student627@citchennai.net,password123,STUDENT,21CIVIL627,CIVIL
Student 628,student628@citchennai.net,password123,STUDENT,24BME628,BME
Student 629,student629@citchennai.net,password123,STUDENT,21MECH629,MECH
Student 630,student630@citchennai.net,password123,STUDENT,22MECH630,MECH
Student 631,student631@citchennai.net,password123,STUDENT,21CIVIL631,CIVIL
Student 632,student632@citchennai.net,password123,STUDENT,21AI-DS632,AI-DS
Student 633,student633@citchennai.net,password123,STUDENT,24IT633,IT
Student 634,student634@citchennai.net,password123,STUDENT,21MECH634,MECH
Student 635,student635@citchennai.net,password123,STUDENT,21BME635,BME
Student 636,student636@citchennai.net,password123,STUDENT,24CSE636,CSE
Student 637,student637@citchennai.net,password123,STUDENT,21EEE637,EEE
Student 638,student638@citchennai.net,password123,STUDENT,24CIVIL638,CIVIL
Student 639,student639@citchennai.net,password123,STUDENT,23AI-DS639,AI-DS
Student 640,student640@citchennai.net,password123,STUDENT,22CSE640,CSE
Student 641,student641@citchennai.net,password123,STUDENT,21ECE641,ECE
Student 642,student642@citchennai.net,password123,STUDENT,24CSE642,CSE
Student 643,student643@citchennai.net,password123,STUDENT,24MECH643,MECH
Student 644,student644@citchennai.net,password123,STUDENT,21AI-DS644,AI-DS
Student 645,student645@citchennai.net,password123,STUDENT,23EEE645,EEE
Student 646,student646@citchennai.net,password123,STUDENT,21CSE646,CSE
Student 647,student647@citchennai.net,password123,STUDENT,24AI-DS647,AI-DS
Student 648,student648@citchennai.net,password123,STUDENT,23BME648,BME
Student 649,student649@citchennai.net,password123,STUDENT,23CIVIL649,CIVIL
Student 650,student650@citchennai.net,password123,STUDENT,24BME650,BME
Student 651,student651@citchennai.net,password123,STUDENT,24CIVIL651,CIVIL
Student 652,student652@citchennai.net,password123,STUDENT,23CSE652,CSE
Student 653,student653@citchennai.net,password123,STUDENT,22MECH653,MECH
Student 654,student654@citchennai.net,password123,STUDENT,23AI-DS654,AI-DS
Student 655,student655@citchennai.net,password123,STUDENT,24AI-DS655,AI-DS
Student 656,student656@citchennai.net,password123,STUDENT,22CIVIL656,CIVIL
Student 657,student657@citchennai.net,password123,STUDENT,23BME657,BME
Student 658,student658@citchennai.net,password123,STUDENT,22CSE658,CSE
Student 659,student659@citchennai.net,password123,STUDENT,22BME659,BME
Student 660,student660@citchennai.net,password123,STUDENT,23BME660,BME
Student 661,student661@citchennai.net,password123,STUDENT,23AI-DS661,AI-DS
Student 662,student662@citchennai.net,password123,STUDENT,21ECE662,ECE
Student 663,student663@citchennai.net,password123,STUDENT,23CSE663,CSE
Student 664,student664@citchennai.net,password123,STUDENT,21BME664,BME
Student 665,student665@citchennai.net,password123,STUDENT,21IT665,IT
Student 666,student666@citchennai.net,password123,STUDENT,23EEE666,EEE
Student 667,student667@citchennai.net,password123,STUDENT,23CSE667,CSE
Student 668,student668@citchennai.net,password123,STUDENT,22CIVIL668,CIVIL
Student 669,student669@citchennai.net,password123,STUDENT,23CSE669,CSE
Student 670,student670@citchennai.net,password123,STUDENT,21EEE670,EEE
Student 671,student671@citchennai.net,password123,STUDENT,24BME671,BME
Student 672,student672@citchennai.net,password123,STUDENT,21MECH672,MECH
Student 673,student673@citchennai.net,password123,STUDENT,21EEE673,EEE
Student 674,student674@citchennai.net,password123,STUDENT,22CIVIL674,CIVIL
Student 675,student675@citchennai.net,password123,STUDENT,24MECH675,MECH
Student 676,student676@citchennai.net,password123,STUDENT,22ECE676,ECE
Student 677,student677@citchennai.net,password123,STUDENT,24CIVIL677,CIVIL
Student 678,student678@citchennai.net,password123,STUDENT,23BME678,BME
Student 679,student679@citchennai.net,password123,STUDENT,24IT679,IT
Student 680,student680@citchennai.net,password123,STUDENT,24CSE680,CSE
Student 681,student681@citchennai.net,password123,STUDENT,24CIVIL681,CIVIL
Student 682,student682@citchennai.net,password123,STUDENT,21EEE682,EEE
Student 683,student683@citchennai.net,password123,STUDENT,22MECH683,MECH
Student 684,student684@citchennai.net,password123,STUDENT,21EEE684,EEE
Student 685,student685@citchennai.net,password123,STUDENT,24ECE685,ECE
Student 686,student686@citchennai.net,password123,STUDENT,21BME686,BME
Student 687,student687@citchennai.net,password123,STUDENT,23AI-DS687,AI-DS
Student 688,student688@citchennai.net,password123,STUDENT,24IT688,IT
Student 689,student689@citchennai.net,password123,STUDENT,22BME689,BME
Student 690,student690@citchennai.net,password123,STUDENT,21ECE690,ECE
Student 691,student691@citchennai.net,password123,STUDENT,21MECH691,MECH
Student 692,student692@citchennai.net,password123,STUDENT,24MECH692,MECH
Student 693,student693@citchennai.net,password123,STUDENT,21ECE693,ECE
Student 694,student694@citchennai.net,password123,STUDENT,21MECH694,MECH
Student 695,student695@citchennai.net,password123,STUDENT,24IT695,IT
Student 696,student696@citchennai.net,password123,STUDENT,24CIVIL696,CIVIL
Student 697,student697@citchennai.net,password123,STUDENT,23ECE697,ECE
Student 698,student698@citchennai.net,password123,STUDENT,23CIVIL698,CIVIL
Student 699,student699@citchennai.net,password123,STUDENT,22CIVIL699,CIVIL
Student 700,student700@citchennai.net,password123,STUDENT,23BME700,BME
Student 701,student701@citchennai.net,password123,STUDENT,24AI-DS701,AI-DS
Student 702,student702@citchennai.net,password123,STUDENT,24ECE702,ECE
Student 703,student703@citchennai.net,password123,STUDENT,23BME703,BME
Student 704,student704@citchennai.net,password123,STUDENT,21AI-DS704,AI-DS
Student 705,student705@citchennai.net,password123,STUDENT,21MECH705,MECH
Student 706,student706@citchennai.net,password123,STUDENT,24BME706,BME
Student 707,student707@citchennai.net,password123,STUDENT,21CIVIL707,CIVIL
Student 708,student708@citchennai.net,password123,STUDENT,23CSE708,CSE
Student 709,student709@citchennai.net,password123,STUDENT,22ECE709,ECE
Student 710,student710@citchennai.net,password123,STUDENT,22EEE710,EEE
Student 711,student711@citchennai.net,password123,STUDENT,21BME711,BME
Student 712,student712@citchennai.net,password123,STUDENT,24ECE712,ECE
Student 713,student713@citchennai.net,password123,STUDENT,23BME713,BME
Student 714,student714@citchennai.net,password123,STUDENT,23CSE714,CSE
Student 715,student715@citchennai.net,password123,STUDENT,24IT715,IT
Student 716,student716@citchennai.net,password123,STUDENT,24CSE716,CSE
Student 717,student717@citchennai.net,password123,STUDENT,24EEE717,EEE
Student 718,student718@citchennai.net,password123,STUDENT,22EEE718,EEE
Student 719,student719@citchennai.net,password123,STUDENT,23ECE719,ECE
Student 720,student720@citchennai.net,password123,STUDENT,21CIVIL720,CIVIL
Student 721,student721@citchennai.net,password123,STUDENT,23IT721,IT
Student 722,student722@citchennai.net,password123,STUDENT,21AI-DS722,AI-DS
Student 723,student723@citchennai.net,password123,STUDENT,23ECE723,ECE
Student 724,student724@citchennai.net,password123,STUDENT,24AI-DS724,AI-DS
Student 725,student725@citchennai.net,password123,STUDENT,23BME725,BME
Student 726,student726@citchennai.net,password123,STUDENT,24BME726,BME
Student 727,student727@citchennai.net,password123,STUDENT,21CSE727,CSE
Student 728,student728@citchennai.net,password123,STUDENT,23ECE728,ECE
Student 729,student729@citchennai.net,password123,STUDENT,22CIVIL729,CIVIL
Student 730,student730@citchennai.net,password123,STUDENT,22ECE730,ECE
Student 731,student731@citchennai.net,password123,STUDENT,21EEE731,EEE
Student 732,student732@citchennai.net,password123,STUDENT,21CSE732,CSE
Student 733,student733@citchennai.net,password123,STUDENT,21MECH733,MECH
Student 734,student734@citchennai.net,password123,STUDENT,22CIVIL734,CIVIL
Student 735,student735@citchennai.net,password123,STUDENT,22ECE735,ECE
Student 736,student736@citchennai.net,password123,STUDENT,23ECE736,ECE
Student 737,student737@citchennai.net,password123,STUDENT,22MECH737,MECH
Student 738,student738@citchennai.net,password123,STUDENT,23IT738,IT
Student 739,student739@citchennai.net,password123,STUDENT,24EEE739,EEE
Student 740,student740@citchennai.net,password123,STUDENT,21ECE740,ECE
Student 741,student741@citchennai.net,password123,STUDENT,22CIVIL741,CIVIL
Student 742,student742@citchennai.net,password123,STUDENT,21ECE742,ECE
Student 743,student743@citchennai.net,password123,STUDENT,22EEE743,EEE
Student 744,student744@citchennai.net,password123,STUDENT,22CSE744,CSE
Student 745,student745@citchennai.net,password123,STUDENT,24IT745,IT
Student 746,student746@citchennai.net,password123,STUDENT,22AI-DS746,AI-DS
Student 747,student747@citchennai.net,password123,STUDENT,22AI-DS747,AI-DS
Student 748,student748@citchennai.net,password123,STUDENT,21AI-DS748,AI-DS
Student 749,student749@citchennai.net,password123,STUDENT,22MECH749,MECH
Student 750,student750@citchennai.net,password123,STUDENT,21MECH750,MECH
Student 751,student751@citchennai.net,password123,STUDENT,24CIVIL751,CIVIL
Student 752,student752@citchennai.net,password123,STUDENT,24AI-DS752,AI-DS
Student 753,student753@citchennai.net,password123,STUDENT,23ECE753,ECE
Student 754,student754@citchennai.net,password123,STUDENT,21ECE754,ECE
Student 755,student755@citchennai.net,password123,STUDENT,22IT755,IT
Student 756,student756@citchennai.net,password123,STUDENT,22CSE756,CSE
Student 757,student757@citchennai.net,password123,STUDENT,22MECH757,MECH
Student 758,student758@citchennai.net,password123,STUDENT,21MECH758,MECH
Student 759,student759@citchennai.net,password123,STUDENT,22MECH759,MECH
Student 760,student760@citchennai.net,password123,STUDENT,21CIVIL760,CIVIL
Student 761,student761@citchennai.net,password123,STUDENT,21CSE761,CSE
Student 762,student762@citchennai.net,password123,STUDENT,22EEE762,EEE
Student 763,student763@citchennai.net,password123,STUDENT,23CSE763,CSE
Student 764,student764@citchennai.net,password123,STUDENT,23CIVIL764,CIVIL
Student 765,student765@citchennai.net,password123,STUDENT,24MECH765,MECH
Student 766,student766@citchennai.net,password123,STUDENT,23ECE766,ECE
Student 767,student767@citchennai.net,password123,STUDENT,22BME767,BME
Student 768,student768@citchennai.net,password123,STUDENT,21AI-DS768,AI-DS
Student 769,student769@citchennai.net,password123,STUDENT,22BME769,BME
Student 770,student770@citchennai.net,password123,STUDENT,23IT770,IT
Student 771,student771@citchennai.net,password123,STUDENT,23IT771,IT
Student 772,student772@citchennai.net,password123,STUDENT,23IT772,IT
Student 773,student773@citchennai.net,password123,STUDENT,22AI-DS773,AI-DS
Student 774,student774@citchennai.net,password123,STUDENT,23IT774,IT
Student 775,student775@citchennai.net,password123,STUDENT,24ECE775,ECE
Student 776,student776@citchennai.net,password123,STUDENT,21CIVIL776,CIVIL
Student 777,student777@citchennai.net,password123,STUDENT,23ECE777,ECE
Student 778,student778@citchennai.net,password123,STUDENT,23AI-DS778,AI-DS
Student 779,student779@citchennai.net,password123,STUDENT,24BME779,BME
Student 780,student780@citchennai.net,password123,STUDENT,24CSE780,CSE
Student 781,student781@citchennai.net,password123,STUDENT,24EEE781,EEE
Student 782,student782@citchennai.net,password123,STUDENT,21AI-DS782,AI-DS
Student 783,student783@citchennai.net,password123,STUDENT,22ECE783,ECE
Student 784,student784@citchennai.net,password123,STUDENT,21AI-DS784,AI-DS
Student 785,student785@citchennai.net,password123,STUDENT,22AI-DS785,AI-DS
Student 786,student786@citchennai.net,password123,STUDENT,23ECE786,ECE
Student 787,student787@citchennai.net,password123,STUDENT,24EEE787,EEE
Student 788,student788@citchennai.net,password123,STUDENT,23CIVIL788,CIVIL
Student 789,student789@citchennai.net,password123,STUDENT,23BME789,BME
Student 790,student790@citchennai.net,password123,STUDENT,22EEE790,EEE
Student 791,student791@citchennai.net,password123,STUDENT,24BME791,BME
Student 792,student792@citchennai.net,password123,STUDENT,22AI-DS792,AI-DS
Student 793,student793@citchennai.net,password123,STUDENT,24CSE793,CSE
Student 794,student794@citchennai.net,password123,STUDENT,24CSE794,CSE
Student 795,student795@citchennai.net,password123,STUDENT,22ECE795,ECE
Student 796,student796@citchennai.net,password123,STUDENT,22AI-DS796,AI-DS
Student 797,student797@citchennai.net,password123,STUDENT,23CSE797,CSE
Student 798,student798@citchennai.net,password123,STUDENT,22BME798,BME
Student 799,student799@citchennai.net,password123,STUDENT,24BME799,BME
Student 800,student800@citchennai.net,password123,STUDENT,21CSE800,CSE
Student 801,student801@citchennai.net,password123,STUDENT,21IT801,IT
Student 802,student802@citchennai.net,password123,STUDENT,21IT802,IT
Student 803,student803@citchennai.net,password123,STUDENT,21MECH803,MECH
Student 804,student804@citchennai.net,password123,STUDENT,21AI-DS804,AI-DS
Student 805,student805@citchennai.net,password123,STUDENT,23IT805,IT
Student 806,student806@citchennai.net,password123,STUDENT,23BME806,BME
Student 807,student807@citchennai.net,password123,STUDENT,21CIVIL807,CIVIL
Student 808,student808@citchennai.net,password123,STUDENT,21BME808,BME
Student 809,student809@citchennai.net,password123,STUDENT,21CSE809,CSE
Student 810,student810@citchennai.net,password123,STUDENT,21AI-DS810,AI-DS
Student 811,student811@citchennai.net,password123,STUDENT,24BME811,BME
Student 812,student812@citchennai.net,password123,STUDENT,23ECE812,ECE
Student 813,student813@citchennai.net,password123,STUDENT,21CSE813,CSE
Student 814,student814@citchennai.net,password123,STUDENT,23MECH814,MECH
Student 815,student815@citchennai.net,password123,STUDENT,23CSE815,CSE
Student 816,student816@citchennai.net,password123,STUDENT,23CSE816,CSE
Student 817,student817@citchennai.net,password123,STUDENT,22BME817,BME
Student 818,student818@citchennai.net,password123,STUDENT,23BME818,BME
Student 819,student819@citchennai.net,password123,STUDENT,22CIVIL819,CIVIL
Student 820,student820@citchennai.net,password123,STUDENT,22AI-DS820,AI-DS
Student 821,student821@citchennai.net,password123,STUDENT,22CIVIL821,CIVIL
Student 822,student822@citchennai.net,password123,STUDENT,24CIVIL822,CIVIL
Student 823,student823@citchennai.net,password123,STUDENT,23MECH823,MECH
Student 824,student824@citchennai.net,password123,STUDENT,23BME824,BME
Student 825,student825@citchennai.net,password123,STUDENT,24EEE825,EEE
Student 826,student826@citchennai.net,password123,STUDENT,24EEE826,EEE
Student 827,student827@citchennai.net,password123,STUDENT,23ECE827,ECE
Student 828,student828@citchennai.net,password123,STUDENT,23BME828,BME
Student 829,student829@citchennai.net,password123,STUDENT,22IT829,IT
Student 830,student830@citchennai.net,password123,STUDENT,24CIVIL830,CIVIL
Student 831,student831@citchennai.net,password123,STUDENT,22MECH831,MECH
Student 832,student832@citchennai.net,password123,STUDENT,23ECE832,ECE
Student 833,student833@citchennai.net,password123,STUDENT,23CSE833,CSE
Student 834,student834@citchennai.net,password123,STUDENT,21MECH834,MECH
Student 835,student835@citchennai.net,password123,STUDENT,24EEE835,EEE
Student 836,student836@citchennai.net,password123,STUDENT,24MECH836,MECH
Student 837,student837@citchennai.net,password123,STUDENT,24CIVIL837,CIVIL
Student 838,student838@citchennai.net,password123,STUDENT,23ECE838,ECE
Student 839,student839@citchennai.net,password123,STUDENT,24ECE839,ECE
Student 840,student840@citchennai.net,password123,STUDENT,23AI-DS840,AI-DS
Student 841,student841@citchennai.net,password123,STUDENT,24EEE841,EEE
Student 842,student842@citchennai.net,password123,STUDENT,21AI-DS842,AI-DS
Student 843,student843@citchennai.net,password123,STUDENT,21BME843,BME
Student 844,student844@citchennai.net,password123,STUDENT,21IT844,IT
Student 845,student845@citchennai.net,password123,STUDENT,21ECE845,ECE
Student 846,student846@citchennai.net,password123,STUDENT,23CSE846,CSE
Student 847,student847@citchennai.net,password123,STUDENT,24ECE847,ECE
Student 848,student848@citchennai.net,password123,STUDENT,22AI-DS848,AI-DS
Student 849,student849@citchennai.net,password123,STUDENT,22BME849,BME
Student 850,student850@citchennai.net,password123,STUDENT,21BME850,BME
Student 851,student851@citchennai.net,password123,STUDENT,23AI-DS851,AI-DS
Student 852,student852@citchennai.net,password123,STUDENT,21BME852,BME
Student 853,student853@citchennai.net,password123,STUDENT,22AI-DS853,AI-DS
Student 854,student854@citchennai.net,password123,STUDENT,22AI-DS854,AI-DS
Student 855,student855@citchennai.net,password123,STUDENT,24ECE855,ECE
Student 856,student856@citchennai.net,password123,STUDENT,22AI-DS856,AI-DS
Student 857,student857@citchennai.net,password123,STUDENT,22IT857,IT
Student 858,student858@citchennai.net,password123,STUDENT,21CSE858,CSE
Student 859,student859@citchennai.net,password123,STUDENT,21BME859,BME
Student 860,student860@citchennai.net,password123,STUDENT,21MECH860,MECH
Student 861,student861@citchennai.net,password123,STUDENT,24CIVIL861,CIVIL
Student 862,student862@citchennai.net,password123,STUDENT,22CIVIL862,CIVIL
Student 863,student863@citchennai.net,password123,STUDENT,21ECE863,ECE
Student 864,student864@citchennai.net,password123,STUDENT,23BME864,BME
Student 865,student865@citchennai.net,password123,STUDENT,21BME865,BME
Student 866,student866@citchennai.net,password123,STUDENT,22IT866,IT
Student 867,student867@citchennai.net,password123,STUDENT,21IT867,IT
Student 868,student868@citchennai.net,password123,STUDENT,21IT868,IT
Student 869,student869@citchennai.net,password123,STUDENT,22ECE869,ECE
Student 870,student870@citchennai.net,password123,STUDENT,21AI-DS870,AI-DS
Student 871,student871@citchennai.net,password123,STUDENT,24IT871,IT
Student 872,student872@citchennai.net,password123,STUDENT,22ECE872,ECE
Student 873,student873@citchennai.net,password123,STUDENT,24CIVIL873,CIVIL
Student 874,student874@citchennai.net,password123,STUDENT,22CIVIL874,CIVIL
Student 875,student875@citchennai.net,password123,STUDENT,21BME875,BME
Student 876,student876@citchennai.net,password123,STUDENT,21ECE876,ECE
Student 877,student877@citchennai.net,password123,STUDENT,23EEE877,EEE
Student 878,student878@citchennai.net,password123,STUDENT,21ECE878,ECE
Student 879,student879@citchennai.net,password123,STUDENT,22MECH879,MECH
Student 880,student880@citchennai.net,password123,STUDENT,21EEE880,EEE
Student 881,student881@citchennai.net,password123,STUDENT,21MECH881,MECH
Student 882,student882@citchennai.net,password123,STUDENT,22CSE882,CSE
Student 883,student883@citchennai.net,password123,STUDENT,24MECH883,MECH
Student 884,student884@citchennai.net,password123,STUDENT,23BME884,BME
Student 885,student885@citchennai.net,password123,STUDENT,23BME885,BME
Student 886,student886@citchennai.net,password123,STUDENT,22CSE886,CSE
Student 887,student887@citchennai.net,password123,STUDENT,24AI-DS887,AI-DS
Student 888,student888@citchennai.net,password123,STUDENT,21BME888,BME
Student 889,student889@citchennai.net,password123,STUDENT,21AI-DS889,AI-DS
Student 890,student890@citchennai.net,password123,STUDENT,22ECE890,ECE
Student 891,student891@citchennai.net,password123,STUDENT,21IT891,IT
Student 892,student892@citchennai.net,password123,STUDENT,24ECE892,ECE
Student 893,student893@citchennai.net,password123,STUDENT,24AI-DS893,AI-DS
Student 894,student894@citchennai.net,password123,STUDENT,22ECE894,ECE
Student 895,student895@citchennai.net,password123,STUDENT,24EEE895,EEE
Student 896,student896@citchennai.net,password123,STUDENT,24CIVIL896,CIVIL
Student 897,student897@citchennai.net,password123,STUDENT,23CIVIL897,CIVIL
Student 898,student898@citchennai.net,password123,STUDENT,24CIVIL898,CIVIL
Student 899,student899@citchennai.net,password123,STUDENT,23BME899,BME
Student 900,student900@citchennai.net,password123,STUDENT,21ECE900,ECE
Student 901,student901@citchennai.net,password123,STUDENT,22ECE901,ECE
Student 902,student902@citchennai.net,password123,STUDENT,23AI-DS902,AI-DS
Student 903,student903@citchennai.net,password123,STUDENT,22EEE903,EEE
Student 904,student904@citchennai.net,password123,STUDENT,24AI-DS904,AI-DS
Student 905,student905@citchennai.net,password123,STUDENT,23CIVIL905,CIVIL
Student 906,student906@citchennai.net,password123,STUDENT,24MECH906,MECH
Student 907,student907@citchennai.net,password123,STUDENT,22CSE907,CSE
Student 908,student908@citchennai.net,password123,STUDENT,21CSE908,CSE
Student 909,student909@citchennai.net,password123,STUDENT,23CSE909,CSE
Student 910,student910@citchennai.net,password123,STUDENT,21MECH910,MECH
Student 911,student911@citchennai.net,password123,STUDENT,23IT911,IT
Student 912,student912@citchennai.net,password123,STUDENT,22CIVIL912,CIVIL
Student 913,student913@citchennai.net,password123,STUDENT,21BME913,BME
Student 914,student914@citchennai.net,password123,STUDENT,21ECE914,ECE
Student 915,student915@citchennai.net,password123,STUDENT,24IT915,IT
Student 916,student916@citchennai.net,password123,STUDENT,24BME916,BME
Student 917,student917@citchennai.net,password123,STUDENT,22AI-DS917,AI-DS
Student 918,student918@citchennai.net,password123,STUDENT,21ECE918,ECE
Student 919,student919@citchennai.net,password123,STUDENT,23CSE919,CSE
Student 920,student920@citchennai.net,password123,STUDENT,22IT920,IT
Student 921,student921@citchennai.net,password123,STUDENT,24CSE921,CSE
Student 922,student922@citchennai.net,password123,STUDENT,23EEE922,EEE
Student 923,student923@citchennai.net,password123,STUDENT,24CSE923,CSE
Student 924,student924@citchennai.net,password123,STUDENT,24AI-DS924,AI-DS
Student 925,student925@citchennai.net,password123,STUDENT,21CIVIL925,CIVIL
Student 926,student926@citchennai.net,password123,STUDENT,23MECH926,MECH
Student 927,student927@citchennai.net,password123,STUDENT,23EEE927,EEE
Student 928,student928@citchennai.net,password123,STUDENT,24CIVIL928,CIVIL
Student 929,student929@citchennai.net,password123,STUDENT,21EEE929,EEE
Student 930,student930@citchennai.net,password123,STUDENT,21ECE930,ECE
Student 931,student931@citchennai.net,password123,STUDENT,21MECH931,MECH
Student 932,student932@citchennai.net,password123,STUDENT,22EEE932,EEE
Student 933,student933@citchennai.net,password123,STUDENT,24IT933,IT
Student 934,student934@citchennai.net,password123,STUDENT,24ECE934,ECE
Student 935,student935@citchennai.net,password123,STUDENT,22IT935,IT
Student 936,student936@citchennai.net,password123,STUDENT,23CIVIL936,CIVIL
Student 937,student937@citchennai.net,password123,STUDENT,21BME937,BME
Student 938,student938@citchennai.net,password123,STUDENT,24CIVIL938,CIVIL
Student 939,student939@citchennai.net,password123,STUDENT,21EEE939,EEE
Student 940,student940@citchennai.net,password123,STUDENT,22IT940,IT
Student 941,student941@citchennai.net,password123,STUDENT,22BME941,BME
Student 942,student942@citchennai.net,password123,STUDENT,21ECE942,ECE
Student 943,student943@citchennai.net,password123,STUDENT,24BME943,BME
Student 944,student944@citchennai.net,password123,STUDENT,22ECE944,ECE
Student 945,student945@citchennai.net,password123,STUDENT,22EEE945,EEE
Student 946,student946@citchennai.net,password123,STUDENT,24CIVIL946,CIVIL
Student 947,student947@citchennai.net,password123,STUDENT,21ECE947,ECE
Student 948,student948@citchennai.net,password123,STUDENT,22AI-DS948,AI-DS
Student 949,student949@citchennai.net,password123,STUDENT,22AI-DS949,AI-DS
Student 950,student950@citchennai.net,password123,STUDENT,23AI-DS950,AI-DS
Student 951,student951@citchennai.net,password123,STUDENT,24CIVIL951,CIVIL
Student 952,student952@citchennai.net,password123,STUDENT,24CSE952,CSE
Student 953,student953@citchennai.net,password123,STUDENT,23MECH953,MECH
Student 954,student954@citchennai.net,password123,STUDENT,24AI-DS954,AI-DS
Student 955,student955@citchennai.net,password123,STUDENT,22IT955,IT
Student 956,student956@citchennai.net,password123,STUDENT,22AI-DS956,AI-DS
Student 957,student957@citchennai.net,password123,STUDENT,21CIVIL957,CIVIL
Student 958,student958@citchennai.net,password123,STUDENT,21AI-DS958,AI-DS
Student 959,student959@citchennai.net,password123,STUDENT,21BME959,BME
Student 960,student960@citchennai.net,password123,STUDENT,21CSE960,CSE
Student 961,student961@citchennai.net,password123,STUDENT,23AI-DS961,AI-DS
Student 962,student962@citchennai.net,password123,STUDENT,23EEE962,EEE
Student 963,student963@citchennai.net,password123,STUDENT,23MECH963,MECH
Student 964,student964@citchennai.net,password123,STUDENT,22BME964,BME
Student 965,student965@citchennai.net,password123,STUDENT,23BME965,BME
Student 966,student966@citchennai.net,password123,STUDENT,22ECE966,ECE
Student 967,student967@citchennai.net,password123,STUDENT,21IT967,IT
Student 968,student968@citchennai.net,password123,STUDENT,23CIVIL968,CIVIL
Student 969,student969@citchennai.net,password123,STUDENT,21AI-DS969,AI-DS
Student 970,student970@citchennai.net,password123,STUDENT,22ECE970,ECE
Student 971,student971@citchennai.net,password123,STUDENT,22CSE971,CSE
Student 972,student972@citchennai.net,password123,STUDENT,21AI-DS972,AI-DS
Student 973,student973@citchennai.net,password123,STUDENT,24CIVIL973,CIVIL
Student 974,student974@citchennai.net,password123,STUDENT,22AI-DS974,AI-DS
Student 975,student975@citchennai.net,password123,STUDENT,24EEE975,EEE
Student 976,student976@citchennai.net,password123,STUDENT,21IT976,IT
Student 977,student977@citchennai.net,password123,STUDENT,22AI-DS977,AI-DS
Student 978,student978@citchennai.net,password123,STUDENT,21MECH978,MECH
Student 979,student979@citchennai.net,password123,STUDENT,22AI-DS979,AI-DS
Student 980,student980@citchennai.net,password123,STUDENT,22IT980,IT
Student 981,student981@citchennai.net,password123,STUDENT,21MECH981,MECH
Student 982,student982@citchennai.net,password123,STUDENT,21BME982,BME
Student 983,student983@citchennai.net,password123,STUDENT,24AI-DS983,AI-DS
Student 984,student984@citchennai.net,password123,STUDENT,21EEE984,EEE
Student 985,student985@citchennai.net,password123,STUDENT,24EEE985,EEE
Student 986,student986@citchennai.net,password123,STUDENT,23MECH986,MECH
Student 987,student987@citchennai.net,password123,STUDENT,23CIVIL987,CIVIL
Student 988,student988@citchennai.net,password123,STUDENT,21AI-DS988,AI-DS
Student 989,student989@citchennai.net,password123,STUDENT,23CIVIL989,CIVIL
Student 990,student990@citchennai.net,password123,STUDENT,24MECH990,MECH
Student 991,student991@citchennai.net,password123,STUDENT,21ECE991,ECE
Student 992,student992@citchennai.net,password123,STUDENT,23CSE992,CSE
Student 993,student993@citchennai.net,password123,STUDENT,23EEE993,EEE
Student 994,student994@citchennai.net,password123,STUDENT,24CIVIL994,CIVIL
Student 995,student995@citchennai.net,password123,STUDENT,22CSE995,CSE
Student 996,student996@citchennai.net,password123,STUDENT,21CIVIL996,CIVIL
Student 997,student997@citchennai.net,password123,STUDENT,22MECH997,MECH
Student 998,student998@citchennai.net,password123,STUDENT,22BME998,BME
Student 999,student999@citchennai.net,password123,STUDENT,24IT999,IT
Student 1000,student1000@citchennai.net,password123,STUDENT,23BME1000,BME
